"uuid";"repository_link";"title";"title_exceprt";"description";"description_exceprt";"status";"publication_date";"publication_type";"pure_update";"filtered_keywords";"contributor_names";"contributor_affiliations";"contributor_roles";"isbn"
"uuid:e2003e6a-6410-45bb-bf82-e36ef727d25c";"https://resolver.tudelft.nl/uuid:uuid:e2003e6a-6410-45bb-bf82-e36ef727d25c";"Hybrid lift UAV design and control for precision landing on a moving vessel in high sea state";"";"Achieving precise and reliable autonomous landings on moving ship decks is a critical challenge for hybrid Unmanned Aerial vehicles (UAVs), particularly under harsh maritime conditions. This dissertation addresses this challenge by developing a nonlinear control framework for a novel dual-axis tilting rotor quad-plane, designed specifically to enhance stability, maneuverability, and precision during landing operations on moving platforms. Operating in such harsh environments requires effective handling of varying wind conditions, ship motion, and rapid position changes.<br/><br/>The dual-axis tilting rotor concept offers unique capabilities that make it particularly suited for precision landing tasks on moving ship decks. Unlike conventional hybrid under-actuated UAV designs, the overactuated nature of the dual-axis tilting rotor quad-plane allows it to maintains full 6 Degrees Of Freedom (DOF) control authority during low airspeed flight. Moreover, its rapid thrust vectoring capability provides exceptional wind rejection performance, enabling precise control even under turbulent maritime conditions. This versatility is essential for maintaining stability and accuracy during complex landing maneuvers where environmental disturbances and ship motion are constantly changing. However, the novel propulsion system also presents significant control challenges due to its non-affine in the input dynamics. Developing advanced control strategies capable of handling these complexities is critical for achieving reliable and precise autonomous landings on moving platforms.<br/><br/>First, a nonlinear programming-based control allocation algorithm is developed to overcome the limitations of state-of-the-art methods that rely on linearized control effectiveness. This assumption may be too restrictive for vehicles with highly nonlinear effector dynamics, such as the dual-axis tilting rotor quad-plane. The proposed control allocation algorithm effectively manages the complex dynamic interactions inherent to the novel propulsion system, enabling smooth and precise control within the low-airspeed flight regime.<br/><br/>Second, the controller is extended to operate across the entire flight envelope, from hovering to forward flight. Unlike traditional hybrid UAV controllers that rely on distinct control strategies for each flight mode, the proposed framework enables seamless transitions by dynamically reallocating control objectives across the available actuators, including adjustments to vehicle attitude as airspeed varies.<br/><br/>Third, this dissertation introduces a real-time actuator state feedback system to enhance the controller’s robustness and adaptability in challenging maritime environments. By eliminating reliance on predefined actuator models, this improvement provides continuous situational awareness of the propulsion system’s health, allowing the controller to dynamically adjust to varying operational conditions. The enhanced hardware architecture enables direct control of motor RPM and angular rotor tilt, significantly improving the system’s resilience against environmental disturbances, actuator degradation, and battery voltage fluctuation. This capability forms the foundation for developing a robust fault-tolerant control framework essential for reliable autonomous landings on moving platforms.<br/><br/>Fourth, leveraging the improved hardware architecture, a fault-tolerant control framework is developed to ensure reliable operation under various actuator failure conditions. The dual-axis tilting rotor quad-plane’s over-actuated design allows the controller to reallocate control efforts dynamically among functional actuators, maintaining stability and control authority even under severe actuator failures. Extensive flight tests validate the fault-tolerant framework’s effectiveness, demonstrating resilience in challenging scenarios.<br/><br/>Finally, a real-time trajectory planning algorithm is developed to enable autonomous landing on moving ship decks. Using a Long Short-Term Memory (LSTM) neural network model, a prediction framework is created to estimate ship motion over a 7-second horizon. This prediction enables the generation of feasible landing trajectories that are continuously reassessed to account for prediction uncertainties and tracking errors. While simulation results demonstrated the approach’s potential, future work will involve testing the algorithm in real-world conditions.<br/><br/>The proposed control framework, combined with the novel dual-axis tilting rotor quad-plane design, offers a robust and adaptable solution for achieving reliable autonomous landings on moving platforms. The methodologies developed in this thesis can be further extended to various hybrid UAV configurations, providing valuable insights for broader applications in complex operational environments.@en";"";"OPEN";"2025";"doctoral thesis";"2025-11-13 13:47:10.691";"Control allocation,Precision landing,Unmanned aerial vehicle (UAV),fully actuated vehicles,hybrid UAV,incremental nonlinear dynamic inversion (INDI),maritime UAVs,nonlinear programming,quad-plane,quadratic programming,shipborne operations,tilt rotor,vertical takeoff and landing";"A. Mancinelli; E.J.J. Smeur; G.C.H.E. de Croon";"";"author; copromotor; promotor";"978-94-6518-112-7"
"uuid:0cd2c394-adc0-490d-9f4e-ba611d3f14c2";"https://resolver.tudelft.nl/uuid:uuid:0cd2c394-adc0-490d-9f4e-ba611d3f14c2";"Modular High Voltage Pulse Converter for Short Rise and Decay Times";"";"This thesis explores a modular HV pulse converter technology with short rise and decay times. A systematic methodology to derive and classify HV architectures based on a modularization level of power building blocks of the HV pulse converter is developed to summarize existing architectures and explore new possible architectures.The optimal architecture has been identified and recommendations for architecture selections are provided. The effect of modularization and increasing switching frequency for the HV transformer are addressed. The key influence factors for HV pulse rise and decay times are studied. A method is proposed to mitigate the diode reverse recovery effect for the multi-stage voltage multiplier. A generic equivalent steady-state circuit model and comprehensive design methodology are developed to simplify the analysis and design of the series parallel(LCC) resonant based modular HV pulse converters. Finally, the experimental results of a HV pulse converter prototype based on the architecture with multiple transformers and voltage multipliers validate the equivalent steady state circuit model and the comprehensive design methodology. @en";"";"OPEN";"2018";"doctoral thesis";"2024-07-18 09:10:26.229";"HV pulse converter technologies,HV transformer,modular HV pulse converter,modular high frequency HV pulse converter,voltage multiplier";"S Mao; S. Mao; Saijun Mao";"";"author";
"uuid:ea2515e0-5642-404d-a59d-03233659f59a";"https://resolver.tudelft.nl/uuid:uuid:ea2515e0-5642-404d-a59d-03233659f59a";"Design and Control of a Tilt-Rotor Tailsitter Aircraft";"Design and Control of a Tilt Rotor Tailsitter Aircraft.";"Hybrid unmanned aerial vehicles (UAVs) with vertical take-off and landing (VTOL) capability combine efficient forward flight with hovering, making them ideal for missions requiring both high-speed flight and precise maneuvering. Among various hybrid UAVs, tailsitters offer a compact and mechanically efficient solution for applications such as search-and-rescue and environmental monitoring. However, operation across the full flight envelope remains challenging due to highly nonlinear aerodynamics at high angles of attack (AoA)and limited control authority caused by actuator saturation. This work addresses these challenges through a systematic integration of wind tunnel–based aerodynamic analysis, control law development, and flight test validations, culminating in an integrated design and control framework enabling agile, robust, and fully autonomous tailsitter flight.<br/><br/>Firstly, wind tunnel tests were performed on a tailsitter wing under varying propeller thrust, elevon deflection, and airspeed across the full range of angles of attack, resulting in the first publicly available aerodynamic dataset of its kind. The results reveal nonlinear aerodynamic behavior, including during stall, post-stall, and reverse flow. In reversed flow, elevon-induced pitch moments act oppositely to normal flow, though this can be mitigated by increasing throttle. Elevon deflection proves effective at low angles of attack and high airspeeds, but its influence degrades at high angles and low speeds. These findings underscore the need for alternative or supplemental actuation to maintain control authority, especially in vertical or descending flight where traditional surfaces lose effectiveness.<br/><br/>Secondly, in response to the limited pitch control authority observed in conventional elevon-only tailsitters (E-tailsitters), new control strategies are necessitated to achieve full-envelope autonomous flight without actuator saturation. A tailsitter equipped with dual tilt rotors (TR-tailsitter) is introduced, which relies exclusively on thrust vectoring for control moment generation. While thrust vectoring provides ample pitch control authority in hover and vertical flight, it lacks sufficient roll control during forward flight due to wing-propeller interaction. To address this limitation, a TRE-tailsitter is proposed, integrating tilting rotors with conventional elevons. This combined actuation setup provides complementary control, with tilt rotors primarily handling low-speed and vertical flight phases, while elevons dominate during highspeed cruise. To achieve full-envelope autonomous flight, a cascaded Incremental Nonlinear Dynamic Inversion (INDI) controller is implemented, with Weighted Least Squares (WLS) control allocation, which dynamically coordinates actuator allocation between rotor tilt and elevon deflection across different flight regimes, avoiding actuator saturation and ensuring seamless transitions.<br/><br/>Thirdly, to enable fully autonomous field deployment, a pivoting takeoff and landing controller is developed for robust VTOL operation under windy and uneven terrain conditions. By exploiting rotor tilt, the vehicle initiates liftoff from a horizontal ground posture through a controlled pivoting motion around its tail, eliminating the need for landing gear and enabling deployment on uneven terrains. Indoor and outdoor flight tests validate the stability and robustness of the proposed approach in the presence of wind disturbances.<br/><br/>Fourthly, the agility of the tilt-rotor tailsitter UAV is examined through high-speed sharp turn scenarios, where maximizing lift is essential for minimizing turning radius. Wind tunnel data covering various actuator combinations are used to develop empirical models of axial force, lift and pitch moment w.r.t thrust, rotor tilt, elevon deflection, AoA, and airspeed, capturing wing–propeller interaction effects. The derived models and pitching moment trim tests reveal that upward rotor tilt combined with downward elevon deflection enhances lift while maintaining pitch equilibrium. Furthermore, a theoretical minimum turning radius of 8.01𝑚 at 18𝑚/𝑠 coordinated sharp turn is computed, confirming that coordinated actuation enables aggressive maneuvers without compromising pitch stability or speed.<br/><br/>Overall, this dissertation develops a tilt-rotor tailsitter UAV capable of robust, autonomous and agile operation across the full flight envelope.The proposed framework advances the understanding of tailsitter aerodynamics and control, and provides a pathway toward field-deployable UAVs for demanding missions requiring both maneuverability and autonomy. <br/>@en";"";"OPEN";"2026";"doctoral thesis";"2025-12-19 18:31:37.902";"VTOL aircraft,incremental control,wind tunnel tests,wing-propeller interaction";"E.J.J. Smeur; G.C.H.E. de Croon; Z. Ma";"";"author; promotor";"978-94-6518-205-6"
"uuid:23c338a1-8b34-40a6-89e9-997adbdafd75";"https://resolver.tudelft.nl/uuid:uuid:23c338a1-8b34-40a6-89e9-997adbdafd75";"Incremental Control of Hybrid Micro Air Vehicles";"";"Micro Air Vehicles (MAVs) can perform many useful tasks, such as mapping and delivery. For these tasks either rotorcraft are used, which can hover but are not very efficient, or fixed wing vehicles, which are efficient but can not hover. Hybrid MAVs combine the hovering of a rotorcraft with the efficiency of a fixed wing. The reason that these vehicles are not yet widely adopted is that they are very difficult to control.

This thesis addresses the use of Incremental Nonlinear Dynamic Inversion (INDI) for the control of the attitude and velocity of hybrid MAVs. This control method had not been applied in a real world application prior to this thesis, which is why the thesis encompasses the application to a quadrotor at first, which is easier to control than a hybrid MAV.

First, an INDI structure is proposed for the control of the angular accelerations of a quadrotor. I show that the delay that filtering of the angular acceleration produces should also be applied to the measurement of the actuator state. If this is done, the filtering does not appear in the transfer function from virtual control to angular acceleration, which turns out to be equal to the actuator dynamics. It is also shown that a disturbance, or unmodeled dynamics, is compensated with the transfer function of the actuator dynamics multiplied with the applied filter and a unit delay. Finally, it is shown how the effects of propeller inertia, which can be very significant in the yaw axis, can be dealt with and how the control effectiveness can be made adaptive. All these findings are validated with experiments on a Bebop quadrotor.

Second, this thesis includes a Weighted Least Squares (WLS) control allocation algorithm with priority management into the INDI controller. This means that for vehicles with coupled control effectors, certain control objectives can be given pri- ority upon actuator saturation. This is very important for vehicles with controlled axes that are not very important for the stability of the vehicle, such as the yaw for a quadrotor. It is shown that for a quadrotor doing a 50 degree yaw change, the stability is greatly improved when the yaw axis is given very low priority.

Third, this thesis introduces the control of linear accelerations in all three axes with INDI. The controller does not need a complex model, but instead relies on a measurement of the acceleration. It is shown through a wind tunnel experiment, that the disturbance rejection properties, that were shown for the inner loop, carry over to the control of linear accelerations. It is also shown that the method can be applied outdoors with an off-the-shelve GPS receiver. Finally, a nonlinear method of calculating the input increment is derived, which provides only a slight improvement in the tracking of aggressive acceleration commands.

These three things are combined for the INDI control of hybrid MAVs. The result is a single, continuous INDI controller for the attitude, and a single, continuous INDI controller for the velocity of the vehicle. This is achieved by incorporating partial derivatives of the lift vector in the control effectiveness of the pitch and roll angles. Though no transition maneuver is explicitly defined, the transition follows implicitly from the increments in attitude and thrust that are calculated from desired acceleration changes. Further, as the control effectiveness of a hybrid MAV changes dramatically over the flight envelope, the control effectiveness is scheduled as a function of airspeed. When the airspeed is too low to measure, the pitch angle is used for this purpose. To prevent sideslip, a sideslip controller is included, where an estimate of the sideslip angle is obtained from the accelerometer.

Test flights show that the INDI inner and outer loop controllers are indeed capa- ble of controlling the attitude and the linear acceleration of the vehicle throughout the flight envelope, within the physical limitations of the vehicle. It is shown that the tracking of accelerations can make the vehicle naturally transition to forward flight and back, and fly in the stall region as necessary. Because of the abstraction that the INDI acceleration control provides, it is straightforward to follow a velocity vector field, for example one that guides the aircraft along a line.

The developed controller can be applied to different tailsitter MAVs with relative
ease, as the model dependency is low. The algorithm may even be applied to
different types of hybrid vehicles, such as quadplanes or tilt-wing aircraft, with
minor adjustments.
@en";"";"OPEN";"2018-11-5";"doctoral thesis";"2024-07-18 17:41:39.653";"Control allocation,Hybrid micro air vehicles,Incremental Nonlinear Dynamic Inversion,Tailsitter";"E.J.J. Smeur";"";"author";"978-94-6186-973-9"
"uuid:f5f62ff1-28d8-4c5f-93f5-3f9d90d06d28";"https://resolver.tudelft.nl/uuid:uuid:f5f62ff1-28d8-4c5f-93f5-3f9d90d06d28";"Self-Supervised Neuromorphic Perception for Autonomous Flying Robots";"";"In the ever-evolving landscape of robotics, the quest for advanced synthetic machines that seamlessly integrate with human lives and society becomes increasingly paramount. At the heart of this pursuit lies the intrinsic need for these machines to perceive, understand, and navigate their surroundings autonomously. Among the senses, vision emerges as a cornerstone of human perception, providing a wealth of information about the world we inhabit. Thus, it comes as no surprise that equipping robots with vision-based perception capabilities, or computer vision, has captivated researchers for decades. Recent breakthroughs, fueled by the advent of deep learning, have propelled computer vision to new heights. However, challenges persist in leveraging the power of deep learning, as its hunger for computational resources poses hurdles in the realm of robotics, particularly for small flying robots with their inherent limitations of payload and power consumption.<br/><br/>This dissertation embarks on a journey that begins at the intersection of two groundbreaking technologies with the potential to revolutionize computer vision and enhance its accessibility to small robots: event-based cameras and neuromorphic processors. These two technologies draw inspiration from the information processing mechanisms employed by biological brains. Event-based cameras output sparse events encoding pixel-level brightness changes at microsecond resolution, while neuromorphic processors leverage the power of spiking neural networks to realize a sparse and asynchronous processing pipeline.<br/><br/>Throughout this dissertation, comprehensive investigations have been conducted, presenting innovative solutions and advancements in the fields of computer vision and robotics. The thesis begins by presenting the winning solution of the 2019 AIRR autonomous drone racing competition, which showcases a monocular vision-based navigation approach specifically designed to address the limitations of conventional sensing and processing methods. Moreover, it explores the bridging of the gap between event-based and framebased domains, enabling the application of conventional computer vision algorithms on event-camera data. Building upon these achievements, the thesis introduces a pioneering spiking architecture that enables the estimation of event-based optical flow, with emergent selectivity to local and global motion through unsupervised learning. Additionally, the thesis presents a framework that addresses the practicality and deployability of the models by training spiking neural networks to estimate low-latency, event-based optical flow with self-supervised learning. Finally, this dissertation culminates with a demonstration of the integration of neuromorphic computing in autonomous flight. By utilizing an eventbased camera and neuromorphic processor in the control loop of a small flying robot for optical-flow-based navigation, this research showcases the practical implementation of neuromorphic systems in real-world scenarios. Overall, our studies demonstrate the benefits of incorporating neuromorphic technology into the vision-based state estimation pipeline of autonomous flying robots, paving the way for the development of more power-efficient and faster neuromorphic vision systems.@en";"";"OPEN";"2023";"doctoral thesis";"2025-06-19 14:55:17.212";"Artificial neural networks,Autonomous drone racing,Deep learning,Event-based cameras,Flying robots,Neuromorphic computing,Optical flow,Self-supervised learning,Spiking neural networks,Unsupervised learning";"C. de Wagter; Federico Paredes-Vallés; G.C.H.E. de Croon";"";"author; copromotor; promotor";"978-94-6366-755-5"
"uuid:56ba185c-9b84-460a-835d-16bf828ee9fc";"https://resolver.tudelft.nl/uuid:uuid:56ba185c-9b84-460a-835d-16bf828ee9fc";"Range-Based Localization for Swarms of Micro Air Vehicles";"Range Based Localization for Swarms of Micro Air Vehicles.";"With their ability to access hard-to-reach spaces and to provide a birds-eye view over large areas,Micro Air Vehicles (MAV) are already taking over awide variety of monitoring and inspection tasks. As the continuing miniaturization of electronic components further drives down cost, recent advancements in the design of control algorithms promise a future, where these small drones will be able to operate fully autonomously and with minimal human input. Spatial awareness is a key aspect in developing fully autonomous MAVs and in this dissertation,we develop new algorithms for on-board localization usingUltra-Wideband (UWB) ranging. UWB is a low-power technology that enables data communication and time-of-flight range measurements. The large bandwidth of UWB results in high timing accuracy as well as an improved resistance to shadowing and multipathing, which makes UWB a very useful technology for ranging in indoor environments...@en";"";"OPEN";"2024";"doctoral thesis";"2025-02-15 03:30:10.503";"Localization,Micro aerial vehicles,State estimation,Swarm robotics,Ultra-wideband";"C. de Wagter; G.C.H.E. de Croon; S.U. Pfeiffer";"";"author; copromotor; promotor";"978-94-6384-696-7"
"uuid:4e8503ea-d09b-4554-b5a0-d6d68e2c6dfd";"https://resolver.tudelft.nl/uuid:uuid:4e8503ea-d09b-4554-b5a0-d6d68e2c6dfd";"Neuromorphic Autopilot for Drone Flight";"Neuromorphic Autopilot for Drone Flight.";"There exists a wide array of possible applications for small, safe, cost-effective, and energy-efficient drones. <br/>However, their development is hampered by limited payload capacity, which restricts both computational power and flight time. <br/>Traditional control systems and sensor processing algorithms are ill-suited for these resource-constrained platforms since they typically rely on power-hungry processors and complex numerical methods. <br/><br/>This thesis investigates neuromorphic approaches to both state estimation and control for small drones. <br/>Inspired by the energy-efficient and highly parallel processing of biological neural systems, neuromorphic computing leverages spiking neural networks (SNNs) that operate via discrete spikes, offering real-time, low-power processing capabilities for micro aerial vehicles (MAVs). <br/>While previous work has applied neuromorphic methods to high-level perception tasks, their application to fundamental flight control -- such as precise attitude estimation and low-level control -- remains largely unexplored.<br/><br/>Following a review of the current state of neuromorphic computing, the research first explores its application to state estimation. <br/>A recurrent SNN is designed to estimate the drone’s attitude from inertial measurement unit (IMU) data, achieving performance comparable to conventional methods like the complementary filter, despite employing a minimal network architecture. <br/>The study then investigates event-based vision sensors by processing data from a downward-facing event camera to estimate the attitude and angular rates, enabling a quadrotor to achieve flight without inertial sensing -- a pioneering demonstration in the field.<br/><br/>Transitioning from estimation to control, the thesis uses neuromorphic algorithms to perform low-level control tasks.<br/>A spiking PID controller is developed using a fixed network architecture, demonstrating altitude control using Intel's Loihi neuromorphic processor. <br/>To address the challenge of precise integration inherent in spiking systems, the Input-Weighted Threshold Adaptation (IWTA) mechanism is introduced. <br/>This innovative approach allows for precise integration of incoming signals and was used as the integral component of a neuromorphic PID controller, mitigating steady-state errors and compensating for sensor biases.<br/><br/>Ultimately, the work unifies estimation and control into a single end-to-end neuromorphic system deployed on a tiny 27g Crazyflie quadrotor. Trained via imitation learning on real flight data, the integrated network maps raw inertial sensor inputs directly to motor commands at a control frequency of 500Hz, achieving attitude tracking performance comparable to traditional controllers.<br/><br/>Overall, this thesis demonstrates that neuromorphic computing is a promising approach for low-level state estimation and control in flying drones, while also addressing the challenges of implementing such systems in real-world environments with sensor biases and persistent disturbances.@en";"";"OPEN";"2025";"doctoral thesis";"2025-11-14 14:20:05.599";"Artificial Neural Networks,Drones,Event-based Cameras,Low-level Control,Neuromorphic Computing,Spiking Neural Networks,State Estimation,Supervised Learning";"C. de Wagter; G.C.H.E. de Croon; S. Stroobants";"";"author; promotor";"978-94-6384-870-1"
"uuid:09026ac7-8b83-4f7a-8132-6e16ac134770";"https://resolver.tudelft.nl/uuid:uuid:09026ac7-8b83-4f7a-8132-6e16ac134770";"Learning Visual Navigation for Drones in Cluttered Environments";"Learning Visual Navigation for Drones in Cluttered Environments.";"Autonomous drones are increasingly used in cluttered, GPS-denied environments where safe and agile navigation depends on reliable visual obstacle avoidance. However, current approaches face three key challenges: the lack of a unified evaluation framework, the trade-off between safety and agility, and the gap between simulation-trained policies and real-world deployment.<br/><br/>This dissertation addresses these issues by developing learning-based methods and evaluation tools for onboard navigation. First, it introduces AvoidBench, a high-fidelity benchmarking suite with standardized environments and metrics to systematically evaluate obstacle avoidance performance.<br/><br/>Second, it presents MAVRL, a reinforcement learning algorithm that adapts flight speed to environmental complexity, achieving an improved balance between safety and agility. Third, it proposes Depth Transfer, a sim-to-real method that bridges differences in dynamics and perception, enabling robust deployment of trained policies on real drones.<br/><br/>Finally, a bio-inspired hierarchical architecture is introduced, separating high-level planning from low-level control to improve training efficiency and robustness.<br/><br/>Together, these contributions advance learning-based drone navigation by enabling reliable evaluation, adaptive behaviour, efficient training, and successful real-world deployment in complex environments.@en";"";"OPEN";"2026";"doctoral thesis";"2026-05-20 18:41:27.084";"Autonomous drones,Latent Representation,Reinforcement learning,Sim-to-real transfer,Vision-based obstacle avoidance";"C. de Wagter; G.C.H.E. de Croon; H.Y. Yu";"";"author; copromotor; promotor";" 978-94-6518-312-1"
"uuid:322d4c2e-37b0-4d3d-a739-55b9905987c4";"https://resolver.tudelft.nl/uuid:uuid:322d4c2e-37b0-4d3d-a739-55b9905987c4";"Visual Navigation for Tiny Drones";"";"In recent years, the use of drones in practical applications has seen a rapid increase, for instance in inspection, agriculture or environmental research. Most of these drones have a span in the order of tens of centimeters and a weight of half a kilogram or more. Smaller drones offer advantages in terms of safety and cost. However, their reduced payload capacity makes it difficult to carry the sensors and computers required for autonomous operation.<br/><br/>One of the most essential tasks an autonomous drone needs to perform is navigation. Here, navigation is defined as the ability to move towards a specified location while avoiding obstacles along the way. Ideally, the drone should also remember traveled routes, to make the return journey more efficient. However, on tiny drones (palm-size or smaller) the on-board processing power is often limited to a single microcontroller and the choice of sensors is limited. Cameras are popular sensors for tiny drones, because they're small, lightweight and passive, although they do require some processing power to produce useful results. The goal of this dissertation is to find a new, visual navigation strategy that fits within the constraints of these tiny drones.<br/><br/>First, existing work in terms of visual perception and avoidance is reviewed. Multiple options exist for visual perception: stereo vision, optical flow and monocular vision. All of these options are discussed and compared, leading to the conclusion that stereo vision performs best at shorter distances albeit at the cost of an additional camera, while monocular vision performs better at longer distances. Optical flow is ruled out for avoidance, as it has excessively large errors precisely in the direction of movement.<br/>For avoidance, the options in terms of motion planning, map types and odometry are discussed. Perhaps unsurprisingly, the optimal choice is found to be dependent on the application. For computational efficiency on tiny drones, the most important choice is whether multiple measurements should be fused into a single map, or if individual percepts are good enough for avoidance. The latter is significantly less computationally demanding. For visual odometry, the depth information should be used if available, and the IMU can provide efficiency benefits in feature tracking. At Preliminary results are shown for monocular vision, visual odometry and obstacle avoidance.<br/><br/>Secondly, the dissertation takes a deeper dive into monocular depth estimation. Monocular depth estimation has the advantage that it only needs a single camera -- which saves valuable weight on tiny drones -- but its processing is more complex. The goal of this chapter is to analyze the learned behavior of neural networks for monocular depth perception, to see if this can be distilled into simple, lightweight algorithms. Using experiments based on data augmentation, it is shown that all four of the analyzed networks rely on the vertical position of objects in the image to estimate their depth. While this cue would be simple to replicate, it does depend on a known pose of the camera. Further investigation shows that the networks have a strong prior `assumption' about this pose, which may make transfer to drones more difficult. Finally, the networks need to have some sense of an `object'. In this case, it is shown that various shapes are recognized as an object provided that they have contrasting outlines and a dark shadow at the bottom. While this last feature is clearly present in the car-based KITTI dataset, it may not transfer directly to other environments. However, the vertical position cue can likely be used to provide monocular depth estimates to resource-limited systems such as tiny drones.<br/><br/>Thirdly, the remembering of traveled routes is investigated. Traditional mapping strategies from robotics would quickly run out of memory on microcontrollers, especially over longer trajectories. Instead, inspiration for a memory-efficient route-following strategy is found in nature. Here, insects are able to remember and follow remarkably long routes despite their tiny brains. Their strategy is often broken up into a few components, most notably path integration (odometry in robotics) and visual homing. We implement a novel strategy based on these components on a 56-gram drone. Here, the focus lies on traveling long distances using odometry, while periodically using visual homing to return to known locations to counteract odometric drift. The proposed strategy is demonstrated over multiple experiments, where the most efficient run required only 0.65 kilobytes to remember a route of 56 meters. This shows that tiny drones can retrace known paths by combining odometry with periodic homing maneuvers to counteract drift.<br/><br/>Finally, the avoidance of obstacles is discussed in the conclusion of this dissertation. This research has been performed by MSc students under my supervision, who have found and demonstrated that bug algorithms are an effective navigation strategy in three-dimensional, limited-field-of-view applications and provide a lightweight goal-oriented avoidance strategy that is suitable for tiny drones.<br/><br/>By combining all of the above results, a full navigation strategy for tiny drones can be proposed: tiny drones can visually navigate by using lightweight monocular vision algorithms to perceive obstacles, three-dimensional bug algorithms to avoid them while moving to new locations, and odometry and visual homing to retrace known paths.@en";"";"OPEN";"2024";"doctoral thesis";"2025-02-17 23:08:07.617";"Computer vision,Depth perception,MAV,Micro Aerial Vehicle,Micro Aerial Vehicles,Obstacle avoidance,Route following,Visual navigation";"C. de Wagter; G.C.H.E. de Croon; Tom van Dijk";"";"author; copromotor; promotor";"978-94-6384-675-2"
"uuid:3d15049b-f695-42d8-b8d1-8d4bac1c8abd";"https://resolver.tudelft.nl/uuid:uuid:3d15049b-f695-42d8-b8d1-8d4bac1c8abd";"Hover and fast flight of minimum-mass mission-capable flying robots";"";"Highly automated Unmanned Aerial Vehicles (UAVs) or ""flying robots"" are rapidly becoming an important asset to society. The last decade has seen the advent of an impressive number of new UAV types and applications. For many applications, the UAVs need to be safe, highly automated, and versatile. Safety is a prerequisite to allowing their use in society. While flight safety comprises many aspects, one important safety factor is the total system mass. The common thread through this research is therefore to minimize the system mass while maintaining mission capabilities to increase safety. Flight automation is required to reach many applications' full potential by addressing operational labor costs and scalability. But despite great advances in ground-based robotics, the weight and power constraints of flying robots still constitute important challenges. Last but not least, many applications also require versatile aircraft that combine the ability to hover and fly fast efficiently. Hover is required for precision take-off & landing in confined areas at a growing number of locations and for the close-up inspection of assets. Fast and efficient flight is needed to reach distant locations, perform large surveys, cope with high headwind conditions, or simply reach destinations quickly. Unfortunately, the requirements for hover and fast flight are conflicting, and this drives the search for solutions to ``combine hover with fast flight in mission-capable flying robots while cost-effectively minimizing their size and maximizing their safety.'' To investigate the minimal feasible mass of mission-capable robots, in this thesis, a novel 20 g tailed flapping-wing robot called DelFly Explorer is presented that can autonomously explore unknown unprepared rooms. It was equipped with a 4 g micro stereo-vision system which necessitated algorithms that were optimized for tiny microcontrollers with low memory. Combined with a navigation strategy that keeps the area in front of the robot free of obstacles, a 0.9 g autopilot, and DelFly's novel stable slow hovering flight regime, this led to the lightest flying indoor exploration robot that could navigate in unknown environments. But to combine passive dynamic longitudinal stability at slow hover and fast flight in tailed ornithopters, a shift in the center of gravity location was shown to be needed. Moreover, the aerodynamically stabilizing tail also causes sensitivity to turbulence. Therefore, by using four pairs of flapping wings, a new tail-less flapping-wing concept called Quad-thopter was created which can hover precisely and transition to fast forward flight. The cranked-rocker-based mechanism contains no expensive parts and by re-using the main propulsion motors for attitude control, powerful control moments can be created which are very important in disturbance rejection. This design represents one of the first tailless flapping wing designs that was sufficiently light and agile for performing real missions while featuring a mechanism simple enough to permit large-scale production. Versatility of flight is also an asset for outdoor flight. Theory predicts that the most efficient hover is achieved by using a single large rotor while the most efficient forward flight is performed by using high aspect ratio fixed wings to generate lift. The combination of both has led to a novel helicopter-with-wings concept called DelftaCopter. The control of this platform yields unique challenges such as the inertia of the large fixed-wing interferes with the dynamics of the helicopter rotor. A controller was derived, and the dynamics were identified in hover and forward flight. The real-world performance of this flying robot is presented by analyzing the results of its participation in the outback medical challenge, showing that large single-rotor-equipped fixed-wing aircraft combine powerful attitude control, efficient hover, and efficient forward flight. Since efficiency in forward flight is not sufficient to achieve a very long endurance in electrically powered flying robots, a novel platform was developed around a hydrogen pressure cylinder and a fuel cell. The concept focuses on versatility, minimal weight, good control, and redundancy. A 12-motor tail-sitter is presented that re-uses all its motors for attitude control, hover, and forward flight and uses the wing structure to carry the propulsion. A dual automotive CAN-bus control network and dual flight modes remove the most critical single points of failure. The platform is called the NederDrone and is shown to fly 3h38 in a test departing from a moving ship at sea in 5 Beaufort wind conditions. While reaching fast flight in large free blocks of air is mainly a challenge for the design of the airframe and its energy source, as soon as obstacles are introduced, new bottlenecks appear and the weight and power consumption of sensing and processing become driving design considerations. Increasing the flight speed of flying robots in obstacle-packed or GPS-denied environments highlights the need for very lightweight fast but intelligent systems, as the processing weight and power not only reduce the flight times but also reduce the maneuvering capabilities and the maximum speed. Therefore, in this work, an extreme example is studied in the context of autonomous drone racing. A computationally light Artificial Intelligence (AI) based monocular navigation system is presented for indoor flight through obstacles. It enabled the flying robot to fly at higher speeds than what was possible with state-of-the-art visual-inertial odometry solutions. Overall, aerospace platforms require extreme optimization as every gram kept in the air requires constant energy. The consequence is that different missions will require vastly different platforms, while traditionally a lot of flying robot applications are still performed by multicopters. This thesis contributes to the design of intelligent flying robots that can both hover and fly fast, by solving several fundamental problems in novel concepts optimized around the five key requirements of mass, agility, efficiency, range, and speed-near-obstacles. These concepts are expected to contribute to the improvement of the mission capabilities of minimal-size flying robots to address the needs of society.@en";"";"OPEN";"2022";"doctoral thesis";"2024-07-21 08:29:13.705";"Autonomous Drone Racing,Deep Neural Networks,Flapping wing,Flying robot,Fuel-cell,Helicopter,Hybrid UAV,Micro Air Vehicle,Tailsitter, Hydrogen,UAV";"C. de Wagter";"";"author";"978-94-6384-333-1"
"uuid:a5998475-a7be-46e5-9bd9-6fbd9b81c15c";"https://resolver.tudelft.nl/uuid:uuid:a5998475-a7be-46e5-9bd9-6fbd9b81c15c";"Efficient Visual Ego-Motion Estimation for Agile Flying Robots";"";"Micro air vehicles (MAVs) have shown significant potential in modern society. The development in robotics and automation is changing the roles of MAVs from remotely controlled machines requiring human pilots to autonomous and intelligent robots. There is an increasing number of autonomous MAVs involved in outdoor operations. In contrast, the deployment of MAVs in GPS-denied environments is relatively less practiced. The speed when flying indoors is often slow. One reason is that MAVs are surrounded by obstacles. But it should also be noticed that ego-motion estimation becomes more difficult to remain reliable during faster flight. The reason for this is that fast motion brings challenges to the robustness and computational efficiency of ego-motion estimation solutions based on the limited onboard sensing and processing capacities. The challenge to robustness is that the motion blur induced by agile maneuvers reduces the amount of available visual information needed by the current mainstream ego-motion estimation solutions, given the fact that frame-based cameras are the primary sensor for most lightweight MAVs. The challenge of computational efficiency comes from the strong desire for smaller and smaller MAVs to better fit cluttered environments. Moreover, to compensate for the decrease in robustness, additional computational power is required to detect known landmarks or visual processing that better copes with motion blur. This dissertation responds to the challenges by investigating novel ego-motion estimation approaches that combine robustness and efficiency. First, the goal of higher efficiency in the context of traditional visual feature points is pursued, albeit at the cost of reduced accuracy. The targeted scenarios are where known landmarks exist, such as gates in autonomous drone racing. The proposed velocity estimator’s mission is to navigate the MAV until the next landmark appears in the field of view and corrects the accumulated drift in the position estimation. To prevent drift over time, a simple linear drag force model is used for estimating the pitch and roll angles of the MAV with respect to the gravity vector and its velocity within the horizontal plane of the propellers. The translational motion direction and the relative yaw angle are efficiently calculated from the correspondences of feature points using a RANSAC-based linear algorithm...@en";"";"OPEN";"2023";"doctoral thesis";"2024-07-22 17:33:57.512";"Deep Neural Networks,Ego-Motion Estimation,Micro Air Vehicles,Monocular Depth Prediction,Monocular Visual-Inertial Odometry,Network Prediction Uncertainty,Self-Supervised Learning";"Y. Xu";"";"author";"978-94-6384-477-2"
"uuid:a4cf1310-c550-494f-ab37-595a0524669d";"https://resolver.tudelft.nl/uuid:uuid:a4cf1310-c550-494f-ab37-595a0524669d";"Justice, Welfare, and the Energy Transition";"";"Domestic energy deprivation – the inability of households to attain adequate energy services in the home – has emerged as a significant social risk within the energy transition. Recent price shocks laid bare long-standing fragilities in the European energy system and heightened concerns over the legitimacy of climate action, as across-the-board cost increases have distinctly regressive effects. This thesis develops new diagnostic tools and comparative evidence to reveal where and why domestic energy deprivation occurs, and examines how welfare state traditions influence the design and durability of policy responses. Together, these insights show how governments can better align social protection with climate goals in pursuit of a just energy transition.<br/><br/>The analysis is grounded in a sufficiency-oriented view of justice, which holds that the primary moral imperative is to ensure that everyone has enough to live with dignity and participate fully in society. From this standpoint, domestic energy deprivation constitutes a fundamental injustice: when households cannot afford adequate warmth, light, or energy for daily routines, and effectively have to choose between “heating or eating”, they fall below a socially recognised threshold of basic capabilities, making full participation impossible. Alongside this sufficiency lens, the thesis draws on John Raws’ difference principle, which requires that social arrangements prioritise those who are least advantaged. In the context of the energy transition, measures that place unequal burdens across groups, such as carbon pricing, are legitimate only if the overall framework ultimately improves conditions for households most exposed to domestic energy deprivation and least able to adapt. Though distinct, these two lenses converge on the same core commitment: giving greatest moral weight to securing a minimum standard for all and improving the position of the worst-off, even when this entails trade-offs with aggregate efficiency.<br/><br/>Building on these foundations, this paper-based thesis pursues three strands of inquiry, undertaken within the Marie Skłodowska-Curie Innovative Training Network RE-DWELL. First, it refines problem diagnosis by integrating enhanced measurement with explanatory analysis of its underlying determinants. Second, it evaluates targeted measures at local and national levels, analysing which instruments work, for whom, and under what conditions. Third, it investigates how institutional logics and welfare traditions shape the incorporation of social provisions into energy and climate governance across the EU, UK, and selected US states.@en";"";"OPEN";"2026";"doctoral thesis";"2026-04-02 16:03:14.150";"energy deprivation,energy poverty,energy transition,just transition,social welfare";"J.S.C.M. Hoekstra; M.G. Elsinga; T.M. Croon";"";"author; copromotor; promotor";
"uuid:68ef1d61-f3c3-43e8-bacd-d2e97bd0baa1";"https://resolver.tudelft.nl/uuid:uuid:68ef1d61-f3c3-43e8-bacd-d2e97bd0baa1";"Improving packaging and increasing the level of integration in power electronics";"";"The use of power electronics is growing extensively in applications such as the automotive field, lighting, power supplies, motor drives, etc. The ultimate goal is to make power electronics as transparent to the final user as possible, which means little extra cost, use of existing space and little or no extra thermal management. This sets very stringent requirements on power electronics concerning performance, cost and size. It has been recognized that the physical construction of power electronic converters represents one of the main frontiers in fulfilling these ever-increasing requirements. This thesis deals with improving the physical implementation of power electronic converters by increasing the level of integration through the use of multifunctional parts. A systematic approach to integration and packaging, on the basis of power electronic converters construction parts and functions that the parts perform, is introduced. Methods of reducing the number of construction parts in the converter by integrating the functionality of several parts into one are devised. This includes not only electrical and thermal (functional) parts but also non-electrical (packaging) parts, since packaging parts represent a large portion of the total number of parts in a converters assembly. Furthermore, technologies that can be used to implement these methods in converters are reviewed. The integration methods and technologies are merged into an algorithm that maps the design of the fundamental functions (electrical and thermal) onto the design of physical parts. Lastly, a tool for choosing the optimal solution among different construction technology options derived in the introduced algorithm is presented.";"";"OPEN";"2005-11-28";"doctoral thesis";;"integration,packaging,power electronics";"";"";"";
"uuid:f0bdac3d-376d-4b24-9241-3a1e35731373";"https://resolver.tudelft.nl/uuid:uuid:f0bdac3d-376d-4b24-9241-3a1e35731373";"Quadrotor Fault Tolerant Flight Control and Aerodynamic Model Identification";"";"As Multi-rotor Unmanned Aerial Vehicles, or drones, are gradually becoming more popular in civilian applications, the safety of these flying machines becomes a significant concern. Such drones are powered by multiple rotors to generate lift and control torques. Hence, the failure of rotors can severely threaten their flying safety. Direct consequences of rotor failures are loss-of-control and a subsequent crash if no ad-hoc flight control method can take over. Such a method, built on the principles of Fault Tolerant Control (FTC), is thus essential to improving the safety of multi-rotor drones. Fixed-pitch quadrotors are the simplest type of multi-rotor drones and have been extensively used in various applications thanks to their simplicity and higher energy efficiency. However, they suffer most from rotor failures since it requires a minimum of four fixed-pitch rotors to achieve full attitude control. Therefore, devising FTC algorithms for quadrotors presents a significant challenge. As there have been many efforts to develop FTC for quadrotors flying in nearhover conditions, a primary objective of this thesis is further expanding the capability of FTC methods to high-speed conditions where significant aerodynamic effects arise that brings large model uncertainties to the control algorithm. The high-speed flight conditions can be, for instance, the cruising phase of a quadrotor (e.g., delivery drone). Once rotor failure occurs, these aerodynamic effects can adversely impact the performance of FTC methods, and even drive the damaged quadrotor into upset conditions with abnormal attitude and angular rates. On the one hand, it is essential to improve state-of-art FTC methods withstanding significant aerodynamic effects as well as possible large initial disturbances. On the other hand, these aerodynamic effects need to be further investigated and modeled to facilitate the development of FTC in high-speed conditions. These two aspects constitute the two major parts of this thesis...@en";"";"OPEN";"2020";"doctoral thesis";"2025-06-20 05:08:23.099";"Control,Modeling,Quadrotor,Safety";"C.C. de Visser; G.C.H.E. de Croon; S. Sun";"";"author; copromotor; promotor";"978-94-6384-181-8"
"uuid:b6ad7ddd-c660-4aab-8277-65f7a22a4a52";"https://resolver.tudelft.nl/uuid:uuid:b6ad7ddd-c660-4aab-8277-65f7a22a4a52";"Automatic Design of Verifiable Robot Swarms";"Automatic Design of Verifiable Robot Swarms.";"The paradigm of swarm robotics aims to enable several independent robots to collaborate together toward collective goals. The distributed nature of a swarm, whereby each robot acts independently in accordance with its perceived environment, is expected to provide the system with a high degree of flexibility, robustness, and scalability. However, this comes at the cost of increased system complexity. This thesis explores how to automatically design a collective behavior in a way that is transparent and verifiable. The thesis begins by taking a step back and analyzing the design choices that need to be made when designing a swarm of robots. Through an in-depth literature study, focusing on swarms of small drones as a case study, we found how sensor and actuator choices can create constraints for the swarm behavior that can be achieved, and how desired swarm behaviors can create requirements for the hardware design and local-level controllers. Coincidentally, we found a prominent example of this in our own research on relative localization sensors for swarms of tiny drones (performed in addition to the research in this thesis), whereby we developed a communication-based relative localization approach that enabled teams of tiny drones to fly together in tight areas, the advantages being: omni-directional sensing, independence from lighting conditions and/or visual clutter, low mass, and low computational costs. However, this solution also comes with the restriction of ensuring that robots never move parallel to each other, as this will present an unobservable situation. Based on such lessons, the remainder of the thesis aims for a framework that is agnostic with respect to the robot and the swarm's collective task. The framework proposed in this thesis is centered around the following notion: a collective goal can be broken down into a set of locally observable objectives which the robots can sense, referred to as ``desired'' objectives. The robots then take actions in order to reach these desired objectives. When all robots achieve the desired objectives, then the global goal and/or collective behavior emerges. This framework was first developed for the specific case study of pattern formation by cognitively limited robots, which could only sense the relative location of close-by neighbors. It was later generalized, and its use was demonstrated on other collective tasks, namely: aggregation, consensus, and foraging. Through a local model of agent transitions, it was possible to: 1) identify potential obstructions to achieving the collective goal, and 2) optimize the behavior of the robots so as to maximize the likelihood of achieving the desired objectives. The optimization is performed by an evolutionary algorithm that leverages the local model, whereby the fitness function maximizes the probability of being in a desired local state. Using this approach, the policy evaluation only scales with the size of the local state space, and demands much less computation than swarm simulations would. In the final stage of this research, a complete framework was further developed to alleviate the need to manually define the desired objectives as well as the local models required for potential verification and/or optimization. The framework uses a data-driven approach to automatically extract two models:  1) a deep neural network that estimates the global performance of the swarm from the distribution of local sensor data, and 2) a probabilistic state transition model that explicitly models the local state transitions (i.e., transitions in observations from the perspective of a single robot in a swarm) given a policy. The framework can efficiently lead to effective controllers, as demonstrated via multiple case studies. It can also be used in combination with an evolutionary optimization process, leading to higher efficiency, or for heterogeneous online learning. Overall, the methods and insights developed in this thesis propose a new way to approach the development of verifiable and understandable behaviors for swarms of robots, using models in order to perform analysis, verification, and optimization.@en";"";"OPEN";"2021";"doctoral thesis";"2025-06-12 06:33:37.524";"disitruted systems,machine learning,micro air vehicles,robots,swarm intelligence,swarm robotics,verification";"E.K.A. Gill; G.C.H.E. de Croon; J. Guo; M. Coppola";"";"author; promotor";"978-94-6421-287-7"
"uuid:b6ad7ddd-c660-4aab-8277-65f7a22a4a52";"https://resolver.tudelft.nl/uuid:uuid:b6ad7ddd-c660-4aab-8277-65f7a22a4a52";"Automatic Design of Verifiable Robot Swarms";"Automatic Design of Verifiable Robot Swarms.";"The paradigm of swarm robotics aims to enable several independent robots to collaborate together toward collective goals. The distributed nature of a swarm, whereby each robot acts independently in accordance with its perceived environment, is expected to provide the system with a high degree of flexibility, robustness, and scalability. However, this comes at the cost of increased system complexity. This thesis explores how to automatically design a collective behavior in a way that is transparent and verifiable. The thesis begins by taking a step back and analyzing the design choices that need to be made when designing a swarm of robots. Through an in-depth literature study, focusing on swarms of small drones as a case study, we found how sensor and actuator choices can create constraints for the swarm behavior that can be achieved, and how desired swarm behaviors can create requirements for the hardware design and local-level controllers. Coincidentally, we found a prominent example of this in our own research on relative localization sensors for swarms of tiny drones (performed in addition to the research in this thesis), whereby we developed a communication-based relative localization approach that enabled teams of tiny drones to fly together in tight areas, the advantages being: omni-directional sensing, independence from lighting conditions and/or visual clutter, low mass, and low computational costs. However, this solution also comes with the restriction of ensuring that robots never move parallel to each other, as this will present an unobservable situation. Based on such lessons, the remainder of the thesis aims for a framework that is agnostic with respect to the robot and the swarm's collective task. The framework proposed in this thesis is centered around the following notion: a collective goal can be broken down into a set of locally observable objectives which the robots can sense, referred to as ``desired'' objectives. The robots then take actions in order to reach these desired objectives. When all robots achieve the desired objectives, then the global goal and/or collective behavior emerges. This framework was first developed for the specific case study of pattern formation by cognitively limited robots, which could only sense the relative location of close-by neighbors. It was later generalized, and its use was demonstrated on other collective tasks, namely: aggregation, consensus, and foraging. Through a local model of agent transitions, it was possible to: 1) identify potential obstructions to achieving the collective goal, and 2) optimize the behavior of the robots so as to maximize the likelihood of achieving the desired objectives. The optimization is performed by an evolutionary algorithm that leverages the local model, whereby the fitness function maximizes the probability of being in a desired local state. Using this approach, the policy evaluation only scales with the size of the local state space, and demands much less computation than swarm simulations would. In the final stage of this research, a complete framework was further developed to alleviate the need to manually define the desired objectives as well as the local models required for potential verification and/or optimization. The framework uses a data-driven approach to automatically extract two models:  1) a deep neural network that estimates the global performance of the swarm from the distribution of local sensor data, and 2) a probabilistic state transition model that explicitly models the local state transitions (i.e., transitions in observations from the perspective of a single robot in a swarm) given a policy. The framework can efficiently lead to effective controllers, as demonstrated via multiple case studies. It can also be used in combination with an evolutionary optimization process, leading to higher efficiency, or for heterogeneous online learning. Overall, the methods and insights developed in this thesis propose a new way to approach the development of verifiable and understandable behaviors for swarms of robots, using models in order to perform analysis, verification, and optimization.@en";"";"OPEN";"2021";"doctoral thesis";"2025-06-12 06:33:37.524";"disitruted systems,machine learning,micro air vehicles,robots,swarm intelligence,swarm robotics,verification";"E.K.A. Gill; G.C.H.E. de Croon; J. Guo; M. Coppola";"";"author; promotor";"978-94-6421-287-7"
"uuid:825f3a6b-3039-4a6e-8f3f-9f0871bd9ce5";"https://resolver.tudelft.nl/uuid:uuid:825f3a6b-3039-4a6e-8f3f-9f0871bd9ce5";"Autonomous Swarms of Tiny Flying Robots";"";"In the last decade, the research field of aerial swarms has grown at a rapid pace. These multi-robot systems possess desirable abilities including mobility in 3D spaces, efficient task execution in parallel, and redundant characteristics for fault tolerance. Many applications with multiple flying robots have already been demonstrated, such as light shows, search and rescue, area coverage, etc. Most studies for the above applications deal with position estimation, coordinated control, motion planning, or task assignments. However, the fundamental challenge remains to develop autonomous swarm systems that can work together and tackle real-world applications. As a special case of aerial swarms, multiple tiny (pocket-size) flying robots are safer and thus promising for real-world applications. These robots are highly limited in computation power and sensor capability, which makes the system design more challenging. An essential capability required for swarm coordination is that the individual robots are able to localize themselves with respect to others, preferably without the help of external infrastructure. Even though some works address the problem of onboard relative localization, the relative estimation is not accurate or consistent enough for precise swarm behaviors. This thesis investigates how to build a fully autonomous swarm of tiny aerial robots, featuring accurate relative state estimation and distributed control for different multi-robot tasks in unknown 3D environments.@en";"";"OPEN";"2021";"doctoral thesis";"2024-07-20 18:39:52.609";"Micro aerial vehicles,Nonlinear predictive control,Relative localization,Swarm robotics,Visual deep learning";"S. Li";"";"author";"978-94-6366-472-1"
"uuid:48ed7edc-934e-4dfc-b35c-fe04d55caee1";"https://resolver.tudelft.nl/uuid:uuid:48ed7edc-934e-4dfc-b35c-fe04d55caee1";"Indoor swarm exploration with Pocket Drones";"";;;"OPEN";"2019";"doctoral thesis";"2024-07-22 07:30:29.133";"Autonomous navigation,Bug Algorithms,Micro Aerial Vehicle,Optical flow,Pocket Drones,Stereo Vision,Swarm robotics";"K.N. McGuire";"";"author";"978-94-6182-976-4"
"uuid:5311a47f-267e-46b3-9131-5228e22fef8b";"https://resolver.tudelft.nl/uuid:uuid:5311a47f-267e-46b3-9131-5228e22fef8b";"Model identification of a flapping wing micro aerial vehicle";"Model identification of a flapping wing micro aerial vehicle.";"Different flapping wing micro aerial vehicles (FWMAV) have been developed for academic (Harvard’s RoboBee), military (Israel Aerospace Industries’ Butterfly) and technology demonstration (Aerovironment’s NanoHummingBird) purposes. Among these, theDelFly II is recognized as one of themost successful configurations of FWMAV, with a broad flight envelope, that spans fromhover to fast forward flight, revealing autonomous capabilities in the form of automatic flight and obstacle avoidance. Despite the technological development, very little is known about the dynamic behavior and aerodynamic force generation mechanisms of FWMAVs which, in turn, limits the development of models that could be used for advanced control strategies and flight simulations. The present dissertation contributes to the understanding of the mechanics of flapping flight, using a data-driven systematic approach to the modeling of the DelFly II.@en";"";"OPEN";"2016";"doctoral thesis";"2024-07-20 16:09:26.414";"AerodynamicModeling,DelFly II,Flapping Wing,Freeflight,Kinematic Modeling,Micro Aerial Vehicle,Quasi-steady Aerodynamics,Simulation,Wind tunnel";"J.V. Aguiar Vieira Caetano; JV Aguiar Vieira Caetano; Joao Aguiar Vieira Caetano";"";"author";
"uuid:74fee365-ba6d-456a-8ec0-358dc708eef4";"https://resolver.tudelft.nl/uuid:uuid:74fee365-ba6d-456a-8ec0-358dc708eef4";"Autonomous Flight of Flapping Wing Micro Air Vehicles";"Autonomous Flight of Flapping Wing Micro Air Vehicles.";"Many types of drones have emerged over the last decade and new applications in various sectors are announced almost on a daily basis. In scientific literature, small drones are called Micro Air Vehicles (MAVs). Especially very small MAVs will play a significant role in indoor applications, since their small size allows them to navigate in narrow, cluttered environments. At the same time, many indoor applications will benefit from MAVs becoming fully autonomous. That will allow these vehicles to operate in areas that cannot be accessed by humans for various reasons. @en";"";"OPEN";"2017";"doctoral thesis";"2024-07-20 15:21:49.452";"Attitude Estimation And Control,Autonomous Flight,Flapping Wings,Indoor Flight,Micro Air Vehicles,Obstacle Avoidance,Robotics,Self- Supervised Learning,Stereo Vision,Wing Actuation Mechanism";"S. Tijmons";"";"author";"978-94-6233-834-0"
"uuid:07641fdf-5c87-4417-ad7c-e4232bd49570";"https://resolver.tudelft.nl/uuid:uuid:07641fdf-5c87-4417-ad7c-e4232bd49570";"Visual Navigation and Optimal Control for Autonomous Drone Racing";"Visual Navigation and Optimal Control for Autonomous Drone Racing.";"Drones, especially quadrotors, have shown their great value for applications like aerial photography, object delivery and warehouse inspection. At the same time, with the de- velopment of Artificial Intelligence (AI), computers can replace humans and even per- form better than humans in some areas where it was impossible before like the AI pro- gram Alpha Go which beat the human world champion in Go matches and Alpha star which was rated above 99.8% human players in the real-time strategy game StarCraft II. Concerning drones, the question is whether they can fly races completely by themselves and if they can fly even faster than human pilots’ racing drones?  Although there exist many technologies for drones to fly autonomously in terms of navigation, guidance and control, autonomous drone racing still sets an enormous chal- lenge for the robotics community. For example, the most commonly used vision camera based navigation technologies such as Simultaneous Localization and Mapping (SLAM) and Visual Inertial Odometry (VIO) suffer motion blur when the drone moves fast and high computational demand which is scarce onboard the drone. Moreover, the com- monly used PID controller has no guarantees of optimality while much parameter tuning is required. Many other challenges like these require new technologies to satisfy more complex and challenging flying scenarios to challenge humans in drone races.  This thesis attempts to answer the question mentioned above. First of all, this the- sis presents 2 systematic solutions for autonomous drone racing including navigation, guidance and control techniques. The solutions are computationally so efficient that they can run on board of a Bebop 1 quadrotor (made in 2014) without using the GPU and a cheap 72-gram quadrotor called the ’Trashcan’. With the constraints of the processing power and cheap onboard sensors, the Bebop can fly through 15 gates in a complex sce- nario with an average speed of 1.5m/s and the Trashcan can fly through a 4-gate racing track for 3 laps with an average speed of 2m/s. Both solutions helped the MAVLab, TU Delft, participate in the IROS autonomous drone racing in 2017 and 2018.  In terms of visual navigation, a computationally efficient gate detection method ’snake gate’ is developed to detect the racing gate during the flight. Together with a revised version of Perspective-3-Point (P3P) method, the detection results are used to provide location information for the drone. A Kalman filter is developed to fuse these detec- tions with the onboard IMU readings. Unlike the traditional Kalman filter, this version deduces the velocity from the accelerometers readings by a linear drag model approx- imation instead of integrating the accelerometers. In this way, the Kalman filter has a faster convergence rate. Another filtering method, Visual Model-predictive Localization (VML), is also developed to fuse the vision detections and onboard attitude estimation. The simulation and real-world flight results show that the VML is more robust to outliers than the commonly used Kalman filter especially when there are invalid measurements. Also, the VML is more efficient than the Kalman filter in handling measurement delays. At last, a gradient descent based parameter estimation method is developed to estimate  the quadrotor’s aerodynamics coefficients and the Attitude and heading reference sys- tem (AHRS) biases using the visual measurements and the onboard state predictions. With the estimated parameters, the quadrotor can have a better state prediction when no visual measurement is available in some time.  In terms of guidance and control, a novel neural network based nonlinear optimal controller, G&CNet, is developed to steer the drone to the target with the minimum time. This G&CNet moves the time-consuming nonlinear controller onboard and can be run at 200HZ to map the current states and the optimal control policy calculated offboard. The simulation results show that the flying result is very close to the theoretical nonlinear optimal control solution. Both simulation and real-world flying results show that it has faster flights than a commonly used polynomial based trajectory generation and tracking method.  Last but not least, the methods provided can be generalized to other applications. For example, for the outdoor flight where the Global Positioning System (GPS) is avail- able for navigation, the vision measurements can be directly replaced by the GPS signals in the proposed navigation strategies and they should work directly. For the proposed G&CNet, it should work in all scenarios where the guidance and control modules are needed to move the drone from one point to another point. In this way, the proposed methods allow drones to move faster in a robust way, extending their mission capabili- ties. @en";"";"OPEN";"2020";"doctoral thesis";"2024-07-20 06:34:30.109";"Autonomous drone racing,nonlinear model- predictive control,visual navigation";"S. Li; Shuo Li";"";"author";"978-94-6384-175-7"
"uuid:389f453e-f7ff-4fea-a353-32755cf9a9e1";"https://resolver.tudelft.nl/uuid:uuid:389f453e-f7ff-4fea-a353-32755cf9a9e1";"Abstraction as a Tool to Bridge the Reality Gap in Evolutionary Robotics";"";"Automatically optimizing robotic behavior to solve complex tasks has been one of
the main, long-standing goals of Evolutionary Robotics (ER). When successful, this
approach will likely fundamentally change the rate of development and deployment
of robots in everyday life. Performing this optimization on real robots can be risky
and time consuming. As a result, much of the work in ER is done using simulations
which can operate many times faster than realtime. The only downside of this, is
that, due to the limited fidelity of the simulated environment, the optimized robotic
behavior is typically different when transferred to a robot in the real world. This
difference is referred to as the reality gap...@en";"";"OPEN";"2019-9-10";"doctoral thesis";"2024-07-19 07:45:14.166";"Abstraction,Evolutionary Robotics,MAV,Reality Gap,Robust behavior";"K.Y.W. Scheper";"";"author";
"uuid:7efd562f-82fa-468f-b074-bfa7d640a9ee";"https://resolver.tudelft.nl/uuid:uuid:7efd562f-82fa-468f-b074-bfa7d640a9ee";"Autonomous landing of Micro Air Vehicles through bio-inspired monocular vision";"Autonomous landing of Micro Air Vehicles through bio inspired monocular vision.";;;"OPEN";"2017";"doctoral thesis";"2024-07-20 15:25:27.342";"adaptive control,appearance cues,autonomous landing,bioinspiration,distance estimation,efference copies,micro air vehicle ,monocular vision,obstacle detection,optical flow,self-supervised learning,visual servoing";"H.W. Ho";"";"author";"978-94-6186-818-3"
"uuid:4d535d87-d11e-4916-9143-5e6762c56152";"https://resolver.tudelft.nl/uuid:uuid:4d535d87-d11e-4916-9143-5e6762c56152";"Aerodynamic Mechanisms of Flapping Flight";"";"The growing need for mobile aerial platforms capable of performing reconnaissance tasks and gathering intelligence in hazardous and physically inaccessible areas has given rise to an increasing interest in the development of micro aerial vehicles (MAVs), in view of their potential capabilities of versatile and highly maneuverable flight. Especially flapping-wing configurations, which often tend to be inspired by nature, have captivated researchers in view of their possible advantages over more conventional (fixed and rotary wing) flight modes. Contrary to these more conventional flight configurations, flapping wing systems benefit from the unsteady flow effects that are associated with the large-scale vortical structures separating from the wing leading and trailing edges, which create low pressure regions around the wings that lead to the generation of higher lift and thrust. In this respect, the present thesis pursues an experimental exploration of the aerodynamic mechanisms of flapping-wing phenomena by use of state-of-the-art flow measurement techniques, which are capable of providing time-resolved three-dimensional information. The study is divided into two parts, in which flapping-wing aerodynamics is investigated in the context of a flapping-wing MAV (Part I) and in a generic experimental setup to gain more fundamental understanding (Part II), respectively. The first part consists of studies performed with the flapping-wing MAV DelFly II. First, the aerodynamic performance of the DelFly II is assessed by means of extensive force, power consumption and wing deformation measurements. Force and power consumption measurements were performed under in-air and in-vacuum conditions in order to properly identify the contributions associated to the aerodynamic effects. Subsequently, the balance-mounted force measurements are compared to the forces estimated from free-flight visual tracking measurements in order to characterize the effects of fixed-model force measurements, which restrict the dynamic body modes that exist in actual free-flight conditions as well as introducing the effect of the vibrations which depends on the model clamping position. The comparison of the unsteady forces obtained by the two methods reveals that the X-force component (i.e., the force component along the DelFly fuselage as defined in the body axis) shows a good correspondence, whereas the Z-force component displays deviations depending of the flight condition. Reasons for the differences and main drawbacks of the two force determination techniques are discussed. Effects of the flapping frequency, wing surface thickness and wing geometry on the aerodynamic performance in hovering conditions are also investigated in terms of force and power consumption measurements. In order to assess the relation between the force generation mechanisms and wing deformation characteristics, dedicated structural deformation measurements were performed on the flapping wings of the DelFly. These measurements provide information regarding the effects of the flapping frequency and wing surface thickness on the force generation mechanisms and the power consumption characteristics in terms of both amplitude and temporal evolution. Next, flow field measurements were performed around the wing and in the wake of the DelFly in hovering and forward flight conditions by using planar and stereoscopic particle image velocimetry (stereo-PIV) techniques. The visualizations of the vortical structures around the wings reveal the formation, shedding and interaction mechanisms, particularly visualizing the clap-and-peel motion of the DelFly wings. A momentum-based approach in a control volume around the DelFly in hovering configuration was employed to estimate the flap-averaged X-force under a number of simplifying assumptions. This approach, which only uses the streamwise velocity at a downstream location, is still able to calculate the forces within an error range of 5-15 %. The flow field measurements in the wake of the flapping wings in the forward flight configuration are used to reconstruct three-dimensional wake structures. Two wake reconstruction strategies have been compared: (1) a spatio-temporal wake reconstruction based on the Taylor's hypothesis; (2) a spatial wake reconstruction by means of a modified Kriging regression technique, that takes into account the measurement uncertainties. It is shown that wing–wing interaction at the start of outstroke (peel motion) becomes a dominant feature for reduced frequencies greater than 0.62, while becoming relatively inactive at lower reduced frequency. In the second part, experimental studies concerning the fundamental research in flapping-wing flight are reported. First, the effects of wing flexibility on the unsteady flow around a flexible wing undergoing a clap-and-fling type flapping motion have been investigated by means of tomographic PIV measurements that were performed in a water tank. The two-dimensional Euler-Bernoulli beam equation was used to simulate the chordwise deformations of a plunging thin plate and to compare the deformation characteristics between in-air and in-water conditions. The comparison of in-air and in-water deformation characteristics reveals that it is not possible to achieve identical deformation characteristics, because the inertial forces are significantly reduced under in-water conditions. Second, the evolution of three-dimensional flow fields and unsteady forces are reported for surging and pitching flat plates in revolving motion starting from rest. Tomographic PIV measurements were carried out to acquire the three-dimensional flow fields with force measurements being simultaneously performed. The experiments were carried out for a number of parameters to explore the effects of acceleration period, Reynolds number, angle of attack, number of revolutions and pitch rate. Comparison of the force histories shows that the pitching wing generates considerably higher forces compared to the surging wing. Further analysis was performed to determine the reasons for the enhanced force generation of the revolving-pitching wing. It is shown that the increased force production is associated to a formation of additional circulation (bound and LEV), a higher growth rate of the LEV and more favourable vortex trajectories. It is also revealed that the force generation phenomenon is relatively insensitive to the Reynolds number. Moreover, the forces at the steady-state phase do not depend on the motion kinematics and force histories in the start-up phase.";"";"OPEN";"2015-09-23";"doctoral thesis";;"flapping-wing aerodynamics,flapping-wing micro air vehicles,particle image velocimetry,unsteady aerodynamics";"";"";"";